{
    "funnel": {
        "avg_cac": null,
        "avg_roas": null,
        "retention_rate": 0.6726280218351962
    },
    "creatives": "**Funnel Insights**\n- CAC: Not available (avg_cac is null)\n- ROAS: Not available (avg_roas is null)\n- Retention: 67.26% of first-time buyers made repeat purchases, indicating a relatively strong retention rate.\n- Drop-off: Without specific funnel metrics (impressions, clicks, installs, signups, first_purchase), drop-off points cannot be accurately identified.\n\n**SEO Opportunities**\n- No specific SEO data is provided, making it challenging to pinpoint categories with high search volume but low conversion rates or poor average positions.\n- Opportunity: Given the lack of data, a general recommendation would be to analyze keyword performance, identify gaps in content, and optimize on-page elements to improve search engine rankings.\n- Recommend conducting thorough keyword research, creating high-quality relevant content, and building backlinks to enhance domain authority.\n\n**AI-Powered Creative Outputs**\n- Ad Headline: \"Unlock Your Potential\"\n- SEO Meta Description: \"Discover personalized insights and guidance. Explore our expert services now and start your journey!\"\n- PDP Text: \"Experience clarity and confidence with our expert services. From personalized insights to guided support, we help you unlock your full potential.\""
}