app_name,category,genres,description,rating,current_version_rating,reviews,current_version_reviews,price,is_free,content_rating,last_updated,release_notes,developer,platform
YouTube,Photo & Video,"Photo & Video, Entertainment","Get the official YouTube app on iPhones and iPads. See what the world is watching -- from the hottest music videos to what’s popular in gaming, fashion, beauty, news, learning and more. Subscribe to channels you love, create content of your own, share with friends, and watch on any device.

Watch and subscribe
● Browse personal recommendations on Home
● See the latest from your favorite channels in Subscriptions
● Look up videos you’ve watched, liked, and saved for later in Library

Explore different topics, what’s popular, and on the rise (available in select countries)
● Stay up to date on what’s popular in music, gaming, beauty, news, learning and more
● See what’s trending on YouTube and around the world on Explore
● Learn about the coolest Creators, Gamers, and Artists on the Rise (available in select countries)

Connect with the YouTube community
● Keep up with your favorites creators with Posts, Stories, Premieres, and Live streams
● Join the conversation with comments and interact with creators and other community members

Create content from your mobile device
● Create or upload your own videos directly in the app
● Engage with your audience in real time with live streaming right from the app

Find the experience that fits you and your family (available in select countries)
● Every family has their own approach to online video. Learn about your options: the YouTube Kids app or a new parent supervised experience on YouTube at youtube.com/myfamily

Support creators you love with channel memberships (available in select countries)
● Join channels that offer paid monthly memberships and support their work
● Get access to exclusive perks from the channel & become part of their members community
● Stand out in comments and live chats with a loyalty badge next to your username

Upgrade to YouTube Premium (available in select countries)
● Watch videos uninterrupted by ads, while using other apps, or when the screen is locked
● Save videos for when you really need them – like when you’re on a plane or commuting
● Get access to YouTube Music Premium as part of your benefits

Note: If you subscribe via Apple, payment will be charged to App Store Account at confirmation of purchase. Subscription automatically renews unless auto-renew is turned off at least 24 hours before the end of the current period. Account will be charged for renewal within 24 hours prior to the end of the current period at the rate of the selected plan. Subscriptions and auto-renewal may be managed by going to Account Settings after purchase.

YouTube paid service terms: https://www.youtube.com/t/terms_paidservice.
Privacy policy: https://www.google.com/policies/privacy",4.68053,4.68053,43800013,43800013,0,True,12+,2025-09-23T16:46:14Z,"Fixed bugs, improved performance, explored the edges of the known universe.",Google,App Store
WhatsApp Messenger,Social Networking,"Social Networking, Utilities","WhatsApp from Meta is a free messaging and calling app used by over 2 billion people across 180+ countries. It's super simple, reliable and private, making it perfect for staying in touch with your friends and family worldwide. WhatsApp works across mobile, tablet, and desktop even on slow connections, with no subscription fees*.

Private messaging and calls across the world

Your privacy is our priority. With end-to-end encryption, you can be sure that your personal messages and calls stay between you and who you send them to. And no one, not even WhatsApp, can read or listen to them.

Simple and secure connections, right away

All you need is your phone number - no usernames or logins needed. Easily view your contacts on WhatsApp and start messaging. And what's more, you can easily  link your other devices, including iPads, for seamless connectivity.

High quality voice and video calls

Enjoy free, secure video and voice calls with up to 32 people for free. Your calls work across devices, even on slower connections, using your phone or tablet’s Internet service.

Group chats to keep you in contact

Stay close to friends and family through end-to-end encrypted group chats and calls. Share messages, photos, videos and documents across mobile, tablet, and desktop. You can also use call links and screen-sharing to make group calls and collaboration easy.

Stay connected in real time

You can share your location with those in your individual or group chats while using WhatsApp on your mobile phone. Or record a voice message for those moments when just text isn't good enough.

Share daily moments through Status

Share your everyday life with those who matter. With Status you can share text, photos, video, and GIF updates that disappear after 24 hours. You're always in control of who sees your status. Just choose who you want to share it with - all your contacts or selected ones. And bring your everyday to life.

*Data charges may apply. Contact your provider for details.


---------------------------------------------------------------------------

If you have any feedback or questions, please go to WhatsApp > Settings > Help > Contact Us

Terms of Service: https://www.whatsapp.com/legal/terms-of-service 

Learn more about messaging privately: https://www.whatsapp.com/privacy 

Learn more about WhatsApp safety: https://www.whatsapp.com/security",4.69197,4.69197,16504953,16504953,0,True,12+,2025-09-22T15:45:33Z,"• You can now schedule and view upcoming calls from the Calls tab. Tap the “+” icon and select “Schedule call”, then pick a contact/group to share a call invite.
• Group chats now have a unified Calling icon, with new options to organize calls and select participants for audio or video calls.


These features will roll out over the coming weeks. Thanks for using WhatsApp!",WhatsApp Inc.,App Store
Snapchat,Photo & Video,"Photo & Video, Social Networking","Snapchat is a fast and fun way to share the moment with your friends and family

SNAP 
• Snapchat opens right to the Camera — just tap to take a photo, or press and hold for video.
• Express yourself with Lenses, Filters, Bitmoji and more! 
• Try out new Lenses daily created by the Snapchat community!

CHAT 
• Stay in touch with friends through live messaging, or share your day with Group Stories.
• Video Chat with up to 16 friends at once — you can even use Lenses and Filters when chatting!
• Express yourself with Friendmojis — exclusive Bitmoji made just for you and a friend.

STORIES
• Watch friends' Stories to see their day unfold.
• See Stories from the Snapchat community that are based on your interests.
• Discover breaking news and exclusive Original Shows.

SPOTLIGHT
• Spotlight showcases the best of Snapchat!
• Submit your own Snaps or sit back, relax, and watch.
• Pick your favorites and share them with friends.

MAP 
• Share your location with your best friends or go off the grid with Ghost Mode.
• See what your friends are up to on your most personal map when they share their location with you. 
• Explore live Stories from the community nearby or across the world!

MEMORIES 
• Save unlimited photos and videos of all your favorite moments.
• Edit and send old moments to friends or save them to your Camera Roll.
• Create Stories from your favorite Memories to share with friends and family.

FRIENDSHIP PROFILE 
• Every friendship has its own special profile to see the moments you’ve saved together.
• Discover new things you have in common with Charms — see how long you’ve been friends, your astrological compatibility, your Bitmoji fashion sense, and more!
• Friendship Profiles are just between you and a friend, so you can bond over what makes your friendship special.

Happy Snapping!

• • •

Please note: Snapchatters can always capture or save your messages by taking a screenshot, using a camera, or otherwise. Be mindful of what you Snap!

For a full description of our privacy practices, please see our Privacy Center.",4.69669,4.69669,4833285,4833285,0,True,12+,2025-09-26T06:51:38Z,Just a little tune-up to keep everything running smoothly!,"Snap, Inc.",App Store
