{
    "funnel": {
        "avg_cac": null,
        "avg_roas": null,
        "retention_rate": 0.6726280218351962
    },
    "creatives": "Based on the provided insights, here are the requested marketing materials:\n\n1. **Catchy Ad Headline**: \n\"Experience the Power of Loyalty: Join the 67% of Customers Who Stay with Us\"\n\nThis headline leverages the high retention rate to attract new customers by implying a high level of satisfaction and loyalty among existing customers.\n\n2. **SEO Meta Description**:\n\"Discover why 67% of our customers choose to stay with us. Learn more about our products and services, designed to build long-lasting relationships.\"\n\nThis meta description aims to entice users to click through to the website by highlighting the impressive retention rate, which suggests a high level of customer satisfaction and loyalty.\n\n3. **Short Product Detail Page (PDP) Text**:\n\"Built on a foundation of trust and satisfaction, our products and services are designed to meet your needs and exceed your expectations. With a retention rate of 67%, you can be confident that you're joining a community that values long-term relationships. Explore our offerings today and experience the difference for yourself.\"\n\nThis PDP text aims to reassure potential customers by emphasizing the company's commitment to building strong, lasting relationships, as evidenced by the high retention rate. It invites visitors to explore the products or services, promising a positive experience."
}