[
    {
        "insight": "Top 5 categories by total reviews",
        "details": {
            "GAME": 1415536650,
            "COMMUNICATION": 601273552,
            "SOCIAL": 533576829,
            "FAMILY": 396771969,
            "TOOLS": 273185044
        },
        "confidence": 0.9,
        "recommendation": "Focus marketing on these categories for visibility"
    },
    {
        "insight": "Comparison of paid vs free apps by average rating",
        "details": {
            "free_apps": 4.18510194644089,
            "paid_apps": 4.247203183233637
        },
        "confidence": 0.8,
        "recommendation": "Use this to decide pricing strategies"
    },
    {
        "insight": "Correlation between installs and ratings",
        "details": {
            "correlation": 0.048023876358465785
        },
        "confidence": 0.7,
        "recommendation": "If correlation is strong, boosting ratings may help installs"
    }
]